shell,n_sat,seed,unit_of_analysis,t_features_s,t_forward_s,t_decode_s,t_total_s,slot_s,frac_of_slot,precomputable_s,demand_dependent_s
w132,132,0,vo-x-seed,0.0428,0.0012,0.0638,0.1078,60.0,0.0018,0.0012,0.1066
w132,132,1,vo-x-seed,0.047,0.001,0.0678,0.1157,60.0,0.0019,0.001,0.1148
w132,132,2,vo-x-seed,0.047,0.001,0.0689,0.1169,60.0,0.0019,0.001,0.1159
w264,264,0,vo-x-seed,0.2336,0.0018,0.2983,0.5336,60.0,0.0089,0.0018,0.5318
w264,264,1,vo-x-seed,0.2395,0.0015,0.3184,0.5594,60.0,0.0093,0.0015,0.5579
w264,264,2,vo-x-seed,0.2355,0.0013,0.2808,0.5176,60.0,0.0086,0.0013,0.5163
w1584,1584,0,vo-x-seed,8.6841,0.0122,9.1724,17.8687,60.0,0.2978,0.0122,17.8565
w1584,1584,1,vo-x-seed,8.6866,0.0111,9.1554,17.8531,60.0,0.2976,0.0111,17.8421
w1584,1584,2,vo-x-seed,8.2517,0.0107,8.6452,16.9077,60.0,0.2818,0.0107,16.8969
