shell,seed,truc,muc,rec_hoc_sach,rec_mu_sach,rec_hoc,rec_mu
w132_i53,0,demand-estimation errors,0.05,0.9604,0.6667,0.9608,0.6667
w132_i53,0,demand-estimation errors,0.1,0.9604,0.6667,0.9611,0.6667
w132_i53,0,demand-estimation errors,0.2,0.9604,0.6667,0.9584,0.6667
w132_i53,0,demand-estimation errors,0.4,0.9604,0.6667,0.9643,0.6667
w132_i53,0,stale telemetry,1,0.9604,0.6667,0.9587,0.6567
w132_i53,0,stale telemetry,2,0.9604,0.6667,0.9486,0.6435
w132_i53,0,stale telemetry,4,0.9604,0.6667,0.9216,0.6258
w132_i53,0,stale telemetry,8,0.9604,0.6667,0.808,0.6251
w132_i53,0,ephemeris or capacity mismatch,0.05,0.9604,0.6667,0.9525,0.6435
w132_i53,0,ephemeris or capacity mismatch,0.1,0.9604,0.6667,0.9096,0.6928
w132_i53,0,ephemeris or capacity mismatch,0.2,0.9604,0.6667,0.4455,0.4067
w132_i53,0,ephemeris or capacity mismatch,0.4,0.9604,0.6667,-0.368,-0.8714
w132_i53,0,link failures,0.01,0.9604,0.6667,0.9613,0.6664
w132_i53,0,link failures,0.02,0.9604,0.6667,0.9477,0.657
w132_i53,0,link failures,0.05,0.9604,0.6667,0.9385,0.5141
w132_i53,0,link failures,0.1,0.9604,0.6667,0.8571,0.4089
w132_i53,1,demand-estimation errors,0.05,0.9476,0.5334,0.9475,0.5334
w132_i53,1,demand-estimation errors,0.1,0.9476,0.5334,0.9472,0.5334
w132_i53,1,demand-estimation errors,0.2,0.9476,0.5334,0.9519,0.5334
w132_i53,1,demand-estimation errors,0.4,0.9476,0.5334,0.9637,0.5334
w132_i53,1,stale telemetry,1,0.9476,0.5334,0.941,0.5392
w132_i53,1,stale telemetry,2,0.9476,0.5334,0.9288,0.539
w132_i53,1,stale telemetry,4,0.9476,0.5334,0.8941,0.5346
w132_i53,1,stale telemetry,8,0.9476,0.5334,0.7739,0.5175
w132_i53,1,ephemeris or capacity mismatch,0.05,0.9476,0.5334,0.9412,0.5601
w132_i53,1,ephemeris or capacity mismatch,0.1,0.9476,0.5334,0.923,0.3718
w132_i53,1,ephemeris or capacity mismatch,0.2,0.9476,0.5334,0.0956,-1.6363
w132_i53,1,ephemeris or capacity mismatch,0.4,0.9476,0.5334,-0.3962,-1.6639
w132_i53,1,link failures,0.01,0.9476,0.5334,0.9022,0.4276
w132_i53,1,link failures,0.02,0.9476,0.5334,0.9371,0.4775
w132_i53,1,link failures,0.05,0.9476,0.5334,0.8655,0.4553
w132_i53,1,link failures,0.1,0.9476,0.5334,0.8003,0.3693
w132_i53,2,demand-estimation errors,0.05,0.9558,0.5569,0.9558,0.5569
w132_i53,2,demand-estimation errors,0.1,0.9558,0.5569,0.9567,0.5569
w132_i53,2,demand-estimation errors,0.2,0.9558,0.5569,0.9545,0.5569
w132_i53,2,demand-estimation errors,0.4,0.9558,0.5569,0.9645,0.5569
w132_i53,2,stale telemetry,1,0.9558,0.5569,0.9476,0.5481
w132_i53,2,stale telemetry,2,0.9558,0.5569,0.9272,0.5283
w132_i53,2,stale telemetry,4,0.9558,0.5569,0.8732,0.4846
w132_i53,2,stale telemetry,8,0.9558,0.5569,0.6556,0.3989
w132_i53,2,ephemeris or capacity mismatch,0.05,0.9558,0.5569,0.9122,0.328
w132_i53,2,ephemeris or capacity mismatch,0.1,0.9558,0.5569,0.721,0.0191
w132_i53,2,ephemeris or capacity mismatch,0.2,0.9558,0.5569,0.4942,-0.2109
w132_i53,2,ephemeris or capacity mismatch,0.4,0.9558,0.5569,-15.7508,-16.0038
w132_i53,2,link failures,0.01,0.9558,0.5569,0.9543,0.5396
w132_i53,2,link failures,0.02,0.9558,0.5569,0.9483,0.5602
w132_i53,2,link failures,0.05,0.9558,0.5569,0.9346,0.5706
w132_i53,2,link failures,0.1,0.9558,0.5569,0.7169,0.3131
w132_i53,3,demand-estimation errors,0.05,0.9533,0.5182,0.9548,0.5182
w132_i53,3,demand-estimation errors,0.1,0.9533,0.5182,0.9533,0.5182
w132_i53,3,demand-estimation errors,0.2,0.9533,0.5182,0.9542,0.5182
w132_i53,3,demand-estimation errors,0.4,0.9533,0.5182,0.9642,0.5182
w132_i53,3,stale telemetry,1,0.9533,0.5182,0.9405,0.5287
w132_i53,3,stale telemetry,2,0.9533,0.5182,0.9186,0.5272
w132_i53,3,stale telemetry,4,0.9533,0.5182,0.8549,0.5074
w132_i53,3,stale telemetry,8,0.9533,0.5182,0.6313,0.4216
w132_i53,3,ephemeris or capacity mismatch,0.05,0.9533,0.5182,0.9668,0.539
w132_i53,3,ephemeris or capacity mismatch,0.1,0.9533,0.5182,0.7693,-0.0363
w132_i53,3,ephemeris or capacity mismatch,0.2,0.9533,0.5182,-0.1203,-1.1794
w132_i53,3,ephemeris or capacity mismatch,0.4,0.9533,0.5182,-0.314,-0.5711
w132_i53,3,link failures,0.01,0.9533,0.5182,0.941,0.5084
w132_i53,3,link failures,0.02,0.9533,0.5182,0.8517,0.2808
w132_i53,3,link failures,0.05,0.9533,0.5182,0.9321,0.4414
w132_i53,3,link failures,0.1,0.9533,0.5182,0.8469,0.2997
w132_i53,4,demand-estimation errors,0.05,0.9549,0.6273,0.9554,0.6273
w132_i53,4,demand-estimation errors,0.1,0.9549,0.6273,0.9544,0.6273
w132_i53,4,demand-estimation errors,0.2,0.9549,0.6273,0.9539,0.6273
w132_i53,4,demand-estimation errors,0.4,0.9549,0.6273,0.9596,0.6273
w132_i53,4,stale telemetry,1,0.9549,0.6273,0.9467,0.6204
w132_i53,4,stale telemetry,2,0.9549,0.6273,0.9276,0.6036
w132_i53,4,stale telemetry,4,0.9549,0.6273,0.8692,0.5681
w132_i53,4,stale telemetry,8,0.9549,0.6273,0.6274,0.4626
w132_i53,4,ephemeris or capacity mismatch,0.05,0.9549,0.6273,0.8525,0.6275
w132_i53,4,ephemeris or capacity mismatch,0.1,0.9549,0.6273,0.8787,0.5685
w132_i53,4,ephemeris or capacity mismatch,0.2,0.9549,0.6273,0.7756,0.3321
w132_i53,4,ephemeris or capacity mismatch,0.4,0.9549,0.6273,0.0515,-0.3655
w132_i53,4,link failures,0.01,0.9549,0.6273,0.9304,0.5916
w132_i53,4,link failures,0.02,0.9549,0.6273,0.9418,0.5915
w132_i53,4,link failures,0.05,0.9549,0.6273,0.9205,0.5361
w132_i53,4,link failures,0.1,0.9549,0.6273,0.72,0.322
w264_i53,0,demand-estimation errors,0.05,0.9115,0.8704,0.9105,0.8704
w264_i53,0,demand-estimation errors,0.1,0.9115,0.8704,0.9121,0.8704
w264_i53,0,demand-estimation errors,0.2,0.9115,0.8704,0.913,0.8704
w264_i53,0,demand-estimation errors,0.4,0.9115,0.8704,0.907,0.8704
w264_i53,0,stale telemetry,1,0.9115,0.8704,0.9011,0.8784
w264_i53,0,stale telemetry,2,0.9115,0.8704,0.8617,0.8686
w264_i53,0,stale telemetry,4,0.9115,0.8704,0.7207,0.8453
w264_i53,0,stale telemetry,8,0.9115,0.8704,0.6413,0.8622
w264_i53,0,ephemeris or capacity mismatch,0.05,0.9115,0.8704,0.9148,0.8618
w264_i53,0,ephemeris or capacity mismatch,0.1,0.9115,0.8704,0.906,0.8874
w264_i53,0,ephemeris or capacity mismatch,0.2,0.9115,0.8704,0.8726,0.8321
w264_i53,0,ephemeris or capacity mismatch,0.4,0.9115,0.8704,-0.8733,-1.0299
w264_i53,0,link failures,0.01,0.9115,0.8704,0.9071,0.8415
w264_i53,0,link failures,0.02,0.9115,0.8704,0.916,0.697
w264_i53,0,link failures,0.05,0.9115,0.8704,0.6138,0.7013
w264_i53,0,link failures,0.1,0.9115,0.8704,0.5918,0.4696
w264_i53,1,demand-estimation errors,0.05,0.9135,0.8741,0.9141,0.8741
w264_i53,1,demand-estimation errors,0.1,0.9135,0.8741,0.9127,0.8741
w264_i53,1,demand-estimation errors,0.2,0.9135,0.8741,0.9107,0.8741
w264_i53,1,demand-estimation errors,0.4,0.9135,0.8741,0.9089,0.8741
w264_i53,1,stale telemetry,1,0.9135,0.8741,0.9222,0.87
w264_i53,1,stale telemetry,2,0.9135,0.8741,0.8888,0.857
w264_i53,1,stale telemetry,4,0.9135,0.8741,0.7773,0.8387
w264_i53,1,stale telemetry,8,0.9135,0.8741,0.6923,0.8405
w264_i53,1,ephemeris or capacity mismatch,0.05,0.9135,0.8741,0.9157,0.8669
w264_i53,1,ephemeris or capacity mismatch,0.1,0.9135,0.8741,0.9295,0.8368
w264_i53,1,ephemeris or capacity mismatch,0.2,0.9135,0.8741,0.9258,0.8206
w264_i53,1,ephemeris or capacity mismatch,0.4,0.9135,0.8741,0.7494,0.3769
w264_i53,1,link failures,0.01,0.9135,0.8741,0.9127,0.8636
w264_i53,1,link failures,0.02,0.9135,0.8741,0.9106,0.861
w264_i53,1,link failures,0.05,0.9135,0.8741,0.8351,0.6379
w264_i53,1,link failures,0.1,0.9135,0.8741,0.8593,0.4612
w264_i53,2,demand-estimation errors,0.05,0.9023,0.8595,0.9015,0.8595
w264_i53,2,demand-estimation errors,0.1,0.9023,0.8595,0.9044,0.8595
w264_i53,2,demand-estimation errors,0.2,0.9023,0.8595,0.9005,0.8595
w264_i53,2,demand-estimation errors,0.4,0.9023,0.8595,0.9041,0.8595
w264_i53,2,stale telemetry,1,0.9023,0.8595,0.888,0.8722
w264_i53,2,stale telemetry,2,0.9023,0.8595,0.8482,0.8629
w264_i53,2,stale telemetry,4,0.9023,0.8595,0.7288,0.8237
w264_i53,2,stale telemetry,8,0.9023,0.8595,0.6086,0.8156
w264_i53,2,ephemeris or capacity mismatch,0.05,0.9023,0.8595,0.8855,0.8582
w264_i53,2,ephemeris or capacity mismatch,0.1,0.9023,0.8595,0.898,0.7941
w264_i53,2,ephemeris or capacity mismatch,0.2,0.9023,0.8595,0.786,0.8183
w264_i53,2,ephemeris or capacity mismatch,0.4,0.9023,0.8595,0.32,0.6393
w264_i53,2,link failures,0.01,0.9023,0.8595,0.9028,0.8464
w264_i53,2,link failures,0.02,0.9023,0.8595,0.777,0.736
w264_i53,2,link failures,0.05,0.9023,0.8595,0.6511,0.6833
w264_i53,2,link failures,0.1,0.9023,0.8595,0.8143,0.6563
w264_i53,3,demand-estimation errors,0.05,0.8996,0.8566,0.8992,0.8566
w264_i53,3,demand-estimation errors,0.1,0.8996,0.8566,0.8999,0.8566
w264_i53,3,demand-estimation errors,0.2,0.8996,0.8566,0.8978,0.8566
w264_i53,3,demand-estimation errors,0.4,0.8996,0.8566,0.8979,0.8566
w264_i53,3,stale telemetry,1,0.8996,0.8566,0.8427,0.8591
w264_i53,3,stale telemetry,2,0.8996,0.8566,0.7607,0.8461
w264_i53,3,stale telemetry,4,0.8996,0.8566,0.6048,0.8218
w264_i53,3,stale telemetry,8,0.8996,0.8566,0.5395,0.8352
w264_i53,3,ephemeris or capacity mismatch,0.05,0.8996,0.8566,0.9076,0.8532
w264_i53,3,ephemeris or capacity mismatch,0.1,0.8996,0.8566,0.8539,0.8079
w264_i53,3,ephemeris or capacity mismatch,0.2,0.8996,0.8566,0.553,0.7703
w264_i53,3,ephemeris or capacity mismatch,0.4,0.8996,0.8566,0.2078,0.2245
w264_i53,3,link failures,0.01,0.8996,0.8566,0.9364,0.7793
w264_i53,3,link failures,0.02,0.8996,0.8566,0.8206,0.7517
w264_i53,3,link failures,0.05,0.8996,0.8566,0.758,0.6751
w264_i53,3,link failures,0.1,0.8996,0.8566,0.8078,0.6691
w264_i53,4,demand-estimation errors,0.05,0.9049,0.85,0.9053,0.85
w264_i53,4,demand-estimation errors,0.1,0.9049,0.85,0.9046,0.85
w264_i53,4,demand-estimation errors,0.2,0.9049,0.85,0.9062,0.85
w264_i53,4,demand-estimation errors,0.4,0.9049,0.85,0.9073,0.85
w264_i53,4,stale telemetry,1,0.9049,0.85,0.8884,0.86
w264_i53,4,stale telemetry,2,0.9049,0.85,0.8509,0.8546
w264_i53,4,stale telemetry,4,0.9049,0.85,0.692,0.8283
w264_i53,4,stale telemetry,8,0.9049,0.85,0.5386,0.8403
w264_i53,4,ephemeris or capacity mismatch,0.05,0.9049,0.85,0.8921,0.8253
w264_i53,4,ephemeris or capacity mismatch,0.1,0.9049,0.85,0.8713,0.8097
w264_i53,4,ephemeris or capacity mismatch,0.2,0.9049,0.85,0.7954,0.7846
w264_i53,4,ephemeris or capacity mismatch,0.4,0.9049,0.85,-0.3366,-0.083
w264_i53,4,link failures,0.01,0.9049,0.85,0.8955,0.8391
w264_i53,4,link failures,0.02,0.9049,0.85,0.9073,0.8436
w264_i53,4,link failures,0.05,0.9049,0.85,0.8171,0.7167
w264_i53,4,link failures,0.1,0.9049,0.85,0.7639,0.6315
